OTU_ID,EDNA20_474001,EDNA20_474005,EDNA20_474014,EDNA20_474043,EDNA20_474079,EDNA20_474086,EDNA20_474091,EDNA20_474099,EDNA20_474103,EDNA20_474107,EDNA20_474143,EDNA20_474148,EDNA20_474160,EDNA20_474175,EDNA20_474179,EDNA20_474198,EDNA20_474207,EDNA20_474217,EDNA20_474237,EDNA20_478618,EDNA20_478631,EDNA20_478635,EDNA20_478639,EDNA20_478655,EDNA20_478672,EDNA20_478677,EDNA20_478685,EDNA20_478689,EDNA20_478706,EDNA20_478732,EDNA20_478745,EDNA20_478748,EDNA20_478752,EDNA20_478847,EDNA20_478851,EDNA20_478867,EDNA20_478887,EDNA20_478895,EDNA20_478907,EDNA20_478929,EDNA20_478933,EDNA20_478941,EDNA20_478949,EDNA20_478954,EDNA20_478959,EDNA20_478964,EDNA20_478969,EDNA20_478973,EDNA20_478977,EDNA20_478981,EDNA20_478985,EDNA20_478989,EDNA20_478993,EDNA20_478997
Acartia longiremis,0,0,0,0,0,0,0,0,0,0,0,0,0,0,0,0,0,0,0,0,0,0,0,0,0,0,0,0,0,0,0,0,0,0,0,0,357,0,250,0,0,0,0,0,0,0,0,0,0,0,0,0,0,0
Alosa pseudoharengus,0,0,0,0,0,0,0,0,0,0,0,0,0,0,0,0,0,0,0,82,0,0,0,0,0,1213,0,0,0,0,0,0,0,0,0,0,0,0,0,0,0,0,0,0,0,0,0,0,0,0,0,0,0,0
Amblyraja radiata,0,0,0,0,0,0,0,0,0,0,0,11,0,0,0,7334,2680,0,0,0,0,0,0,0,0,0,0,0,0,0,0,0,0,0,0,0,0,0,0,0,0,0,0,0,0,0,0,0,0,0,0,0,0,0
Ammodytes americanus,99546,0,0,0,0,0,0,14528,0,0,0,0,0,0,0,52798,2510,0,0,440,2646,939,1295,1249,0,0,552,0,0,0,83167,0,0,0,0,0,0,0,0,0,0,0,0,0,0,0,0,0,0,857,0,0,387,57148
Ammodytes dubius,310652,0,0,0,2026,0,0,17201,0,0,0,0,0,0,0,147498,5163,983,0,0,0,598,0,0,0,0,0,0,0,0,117894,1081,0,0,0,0,0,0,0,0,0,0,798,0,0,0,0,0,0,1293,0,0,0,7574
Ammodytes g.,635502,0,0,0,6944,17,0,54929,0,1200,0,0,8321,0,0,535517,42299,3676,7300,0,2981,10,4465,0,0,0,3523,3913,0,0,582707,0,0,2432,0,0,0,0,0,0,0,0,0,0,0,0,0,0,0,3140,0,3121,2857,624127
Ammodytes personatus,5092,0,0,0,0,0,0,0,0,0,0,0,0,0,0,0,0,0,0,0,0,0,0,0,0,0,0,0,0,0,0,0,0,0,0,0,0,0,0,0,0,0,0,0,0,0,0,0,0,0,0,3890,0,0
Ammodytes tobianus,0,0,0,0,0,0,0,0,0,0,0,0,0,0,0,0,0,0,0,0,0,0,0,0,0,0,0,0,0,0,0,0,0,0,0,0,0,0,0,0,0,0,0,0,0,0,0,0,0,0,0,0,0,34
Amphiascopsis cinctus,0,0,0,0,0,0,0,0,0,0,0,0,0,0,0,0,0,0,0,0,0,0,0,0,0,0,0,0,0,0,0,0,0,0,0,0,0,0,0,0,0,0,0,0,0,0,0,0,0,0,1835,0,0,0
Anarhichas g.,0,0,0,0,0,0,574,0,0,594,0,0,0,0,0,0,0,460,0,0,0,0,0,0,0,0,0,0,0,0,0,0,0,0,0,0,0,0,0,0,0,0,0,0,0,0,0,0,0,0,0,0,0,0
Anatidae f.,0,0,0,0,0,0,0,0,0,0,0,0,0,0,0,0,0,0,0,0,0,0,0,0,0,0,0,0,0,0,0,0,0,0,0,0,0,0,0,0,0,0,0,524,0,0,0,0,0,0,0,0,0,0
Anisarchus medius,0,0,0,0,0,0,0,0,0,5047,0,0,0,0,0,0,0,0,0,0,0,0,0,0,0,0,0,0,0,0,0,0,0,0,0,0,0,0,0,0,0,0,0,0,0,0,0,0,0,0,0,0,0,0
Aphrodita hastata,0,0,0,0,0,0,0,65,0,0,0,258,0,0,0,0,0,0,0,0,0,0,0,0,0,0,0,0,0,0,10,0,0,0,18,0,0,0,0,0,27,33,0,0,0,45,16,0,0,0,0,13,0,0
Arctica islandica,0,0,0,0,0,0,0,0,0,0,0,0,0,0,0,0,0,0,0,0,0,0,0,0,0,0,0,0,21,28,0,0,0,0,0,0,0,0,0,0,0,0,0,0,0,0,0,0,0,11,0,37,0,0
Arctozenus risso,0,0,0,0,0,0,0,0,0,0,0,0,7628,0,0,0,0,0,0,0,0,0,0,774,0,0,0,0,0,0,0,0,0,0,0,0,0,0,0,0,0,0,0,0,0,0,0,0,0,0,0,0,0,0
Argentina silus,0,0,0,0,0,0,0,0,0,0,0,0,0,0,0,0,0,0,0,0,0,0,0,0,0,32743,0,0,0,0,0,0,51,0,0,0,0,0,46,0,0,0,171,0,0,0,0,0,0,0,0,0,0,0
Artacama proboscidea,0,0,0,0,0,0,112,0,0,0,0,0,0,88,0,0,0,0,0,0,0,0,0,0,0,0,0,0,0,0,0,0,0,0,0,0,0,0,0,0,0,0,0,0,0,0,0,0,0,0,0,0,0,0
Asterias rubens,0,0,2015,1076,0,0,0,0,0,0,4844,0,0,0,0,0,0,0,0,0,2548,2541,1803,1581,0,0,0,4467,8526,664,24625,0,0,17,0,0,0,0,4084,0,630,0,217,0,0,0,0,802,30321,3529,0,9750,0,178
Aurelia aurita,0,0,0,0,0,0,15,65,0,57,17,154,0,0,0,33,24,0,14,0,0,0,0,0,0,0,0,0,0,0,0,0,0,0,0,0,0,0,0,0,0,0,0,0,0,0,0,0,0,0,0,0,0,0
Aurelia g.,0,0,0,0,0,0,0,0,0,0,0,43,0,0,0,0,0,0,0,0,0,0,0,0,0,0,0,0,0,0,0,0,0,0,0,0,0,0,0,0,0,0,0,0,0,0,0,0,0,0,0,0,0,0
Balaenoptera acutorostrata,0,0,0,0,0,19,0,290,0,0,0,0,0,0,0,0,0,0,0,0,0,0,0,0,0,0,0,0,0,0,0,0,0,0,0,0,0,0,0,0,17,0,0,0,0,75,0,0,0,0,0,0,0,0
Balaenoptera musculus,0,0,0,0,0,0,0,0,0,0,0,0,0,0,0,0,0,125,0,0,0,0,0,0,0,0,0,0,0,0,0,0,0,0,0,0,0,0,0,0,0,0,0,0,0,0,0,0,0,0,0,0,0,0
Balaenoptera physalus,0,0,0,0,0,0,0,0,0,0,0,0,0,0,0,0,0,0,0,0,0,0,0,474,0,0,0,0,0,0,0,0,0,0,218,0,0,0,0,0,0,0,0,0,0,0,0,0,0,0,0,0,23,0
Balanidae f.,0,0,0,0,0,0,12,0,0,0,0,0,0,0,0,0,0,0,0,0,0,0,0,0,0,0,0,0,0,0,0,0,0,0,0,0,0,0,486,0,0,0,0,0,0,0,0,14,0,0,0,0,0,0
Balanus crenatus,0,0,0,0,0,0,0,0,0,0,0,0,0,0,0,0,0,0,0,0,0,0,0,0,0,0,0,0,0,0,0,0,0,0,0,0,0,0,0,0,0,0,0,0,0,0,0,0,22,0,0,0,0,0
Balanus g.,0,0,0,0,0,0,0,0,0,0,0,0,0,0,0,0,0,0,0,0,0,0,0,0,0,0,0,0,0,0,0,0,0,0,0,0,0,0,4616,0,0,0,0,0,0,0,0,0,0,0,0,0,0,0
Bathypolypus arcticus,0,0,0,0,0,0,0,0,0,0,0,0,0,0,0,0,0,0,0,0,0,0,0,0,0,0,0,0,0,0,0,0,0,0,0,38,0,0,0,0,0,0,0,0,0,0,25,0,0,0,0,0,0,0
Benthosema glaciale,0,0,0,0,0,0,0,0,0,0,4744,0,25323,0,0,0,0,0,0,0,0,0,0,0,0,0,0,0,0,0,0,0,0,0,0,0,0,0,0,0,0,0,0,0,0,74676,10282,0,0,0,0,0,0,0
Bougainvillia muscus,0,0,0,0,0,0,0,0,0,0,0,0,0,0,0,0,0,0,0,0,0,0,0,0,0,0,0,0,0,0,12,0,0,0,0,0,0,0,14,0,0,0,0,0,0,0,0,0,0,0,0,0,0,0
Brisaster fragilis,0,0,0,0,0,0,0,0,0,0,0,0,24,0,0,0,0,0,0,0,0,0,0,0,0,0,0,0,0,25,0,37,0,0,34,0,0,0,0,25,0,31,0,0,0,0,16,0,0,0,0,0,0,0
Brosme brosme,873,0,0,0,0,0,0,0,0,0,0,0,0,0,0,0,0,0,0,0,0,0,0,81996,0,0,0,0,0,0,0,0,0,487,0,0,0,0,0,0,0,0,0,0,0,6472,0,0,0,0,0,0,0,0
Calanus finmarchicus,0,0,66,0,0,0,0,0,0,0,0,0,0,0,0,0,0,0,0,0,0,15,11,0,0,0,0,2030,14,0,0,0,0,0,0,0,0,0,0,0,0,0,0,0,0,0,0,0,0,0,0,868,2155,0
Calanus g.,0,0,0,0,0,0,0,0,0,0,15,0,0,0,0,0,0,0,0,139869,0,0,0,0,21,0,0,0,0,0,0,0,0,0,0,0,0,16,0,0,0,0,0,0,0,0,0,0,0,0,0,0,0,0
Calanus hyperboreus,0,0,0,0,0,0,0,0,0,0,0,0,0,0,0,0,0,0,0,913,0,0,0,0,0,0,0,0,0,0,0,0,0,0,0,0,0,0,0,0,0,0,0,0,0,0,0,0,0,0,0,0,0,0
Cancer borealis,0,0,0,0,0,0,0,0,0,0,0,0,0,0,0,0,0,0,0,0,0,0,0,0,0,0,0,0,0,0,0,0,15,0,0,0,0,0,0,0,0,0,0,0,0,0,0,0,0,0,0,0,0,0
Caridion gordoni,0,0,0,0,0,0,0,0,0,0,0,0,0,0,0,0,0,0,0,0,0,0,18,0,0,0,0,0,0,0,0,0,0,0,0,0,0,0,0,0,0,0,0,0,0,0,0,0,0,0,0,0,0,0
Catablema multicirratum,0,0,0,0,0,0,0,0,0,0,0,636,91,0,0,0,0,121,0,0,0,26,0,0,0,0,0,0,0,0,0,0,0,0,0,0,0,0,0,0,0,0,17,0,0,0,0,0,0,0,0,0,0,0
Catablema vesicarium,0,0,0,0,0,0,0,0,0,0,0,14,0,0,0,0,0,0,0,0,0,0,0,0,0,0,0,0,0,0,0,0,0,0,0,0,0,0,0,0,0,0,0,0,0,0,0,0,0,0,0,0,0,0
Centropages hamatus,0,0,0,0,0,0,0,0,0,0,0,0,0,0,0,0,0,0,0,0,0,0,0,0,0,0,0,0,0,0,0,0,0,0,0,0,683,0,0,0,0,0,0,0,0,0,0,874,58,83,14566,1197,0,0
Centropages typicus,16,0,0,0,0,0,0,0,0,0,0,0,0,0,0,0,0,0,0,0,0,0,0,0,0,0,0,0,0,0,0,0,0,0,0,0,0,0,0,0,0,0,0,0,0,0,0,0,0,0,0,0,358,0
Centroscyllium fabricii,0,0,0,0,0,0,0,0,0,0,1557,0,0,0,0,0,0,0,0,0,0,0,0,0,0,0,0,0,0,0,0,0,0,0,0,0,0,0,0,0,0,0,0,0,0,0,0,0,0,0,0,0,0,0
Cetorhinus maximus,0,0,114,0,0,746,0,0,0,2430,0,0,0,38,3873,0,0,0,0,178,0,0,0,0,13478,33175,18,2038,0,0,0,0,0,0,1763,62,0,0,0,0,56,2182,0,0,315,9460,4468,0,0,367,0,0,0,0
Chaetozone g.,0,0,0,0,0,0,0,0,0,0,0,21,0,0,0,0,0,0,0,0,0,0,0,0,0,0,0,0,0,0,0,0,36,0,0,0,0,0,0,0,0,0,0,0,0,0,0,0,0,0,0,0,0,0
Chlamys islandica,0,0,0,17,0,0,0,0,0,0,0,0,0,0,0,1963,26,396,0,0,0,0,0,0,0,0,0,0,0,0,0,0,0,0,0,0,0,0,0,0,0,0,0,0,0,0,0,0,0,0,0,0,0,0
Chone infundibuliformis,0,0,0,0,0,0,0,0,0,0,0,0,0,0,0,0,0,0,10,0,0,0,0,0,0,0,0,0,0,0,0,0,0,261,0,0,0,0,0,0,0,0,0,0,0,0,0,0,0,0,0,0,0,0
Citharichthys arctifrons,0,0,0,0,0,0,0,0,0,0,0,0,0,0,0,0,0,0,0,0,0,0,33321,1397,0,0,10,1018,0,0,0,0,0,0,0,0,0,0,0,0,0,0,0,0,0,0,0,0,0,0,0,0,0,0
Clausocalanus pergens,0,0,0,0,0,0,0,0,0,0,0,0,0,0,0,0,44,0,0,0,0,0,0,0,0,0,0,0,0,0,0,0,0,417,0,729,0,0,0,0,0,0,281,0,0,0,0,0,0,0,0,0,0,0
Cliona g.,0,0,0,0,0,0,0,0,0,0,0,0,0,0,0,0,0,0,0,0,0,0,0,0,0,0,0,0,0,0,0,0,0,0,0,0,0,0,0,0,0,0,0,0,0,0,0,10,0,0,0,0,0,0
Clupea harengus,0,0,0,35323,10833,450,1144,0,2606,0,0,1020,0,1683,319,0,0,0,0,0,0,1454,0,0,0,0,24318,20255,4385,0,0,3573,2762,0,0,289,165,1839,3663,94,0,0,0,0,742,0,0,0,2020,0,0,0,0,0
Clytia g.,0,0,22,0,0,0,0,0,0,0,0,0,0,0,0,0,0,0,0,0,0,0,0,0,0,0,0,0,0,0,0,0,0,0,0,101,3366,240,25,50,229,7717,4224,10,0,36,0,12,0,0,216,11,0,0
Creseis virgula,0,0,0,0,0,0,0,0,0,0,0,0,0,0,0,0,0,0,0,0,0,0,0,0,0,0,0,0,0,0,0,0,0,0,0,0,0,0,0,0,0,0,0,0,0,0,0,0,0,0,0,927,0,0
Cryptacanthodes giganteus,0,0,0,0,0,208,0,0,0,0,0,0,0,0,0,0,0,0,0,0,0,0,0,0,0,0,0,0,0,0,0,0,0,0,0,0,0,0,0,0,6179,0,0,0,0,0,0,0,0,0,0,0,0,0
Ctenodiscus crispatus,0,0,0,0,0,11,33,0,0,179,0,0,18,86,0,0,0,0,0,0,0,0,0,0,0,0,0,0,0,0,0,0,0,0,0,0,0,0,0,0,0,0,0,0,0,0,0,0,0,0,0,0,0,0
Cucumaria frondosa,0,0,0,0,0,0,0,0,0,0,0,0,0,0,0,0,0,0,0,0,0,0,0,0,0,0,0,109,476,0,2390,0,331,0,0,0,0,0,0,0,0,0,0,0,0,0,0,0,0,0,0,0,0,0
Cyanea g.,0,0,0,12,0,0,0,0,0,0,0,44,0,0,0,0,0,11,0,0,0,0,0,0,68,0,0,0,0,0,0,0,0,0,0,0,0,0,0,0,0,2032,0,0,0,0,0,0,0,0,0,0,0,0
Cyclothone microdon,0,600,0,0,0,0,0,0,0,0,0,0,0,0,0,0,0,0,0,0,0,0,0,0,0,0,0,0,0,0,0,0,0,0,0,0,0,0,0,0,0,0,0,0,0,0,0,0,0,0,0,0,0,0
Cyrtodaria siliqua,0,0,0,0,0,0,0,407,0,0,0,0,0,0,0,0,0,0,67,0,0,0,0,0,0,0,0,0,0,109,0,0,0,0,0,0,0,0,0,0,0,0,0,0,0,0,0,0,0,0,0,0,0,0
Delphinidae f.,0,0,0,0,0,0,0,0,0,0,0,0,0,0,0,0,0,0,0,0,0,0,0,0,0,0,0,0,0,0,2316,0,0,0,0,0,0,0,0,0,0,0,0,0,0,0,0,0,0,0,0,0,0,0
Dipturus batis,0,0,0,0,0,0,0,0,0,0,0,0,0,0,0,0,0,0,0,0,0,0,0,0,0,0,0,0,0,0,0,0,0,0,0,0,0,0,0,0,0,0,0,0,0,0,9292,0,0,0,0,0,5191,4212
Dipturus g.,0,0,0,0,0,0,0,0,0,0,0,0,0,0,0,0,0,0,0,0,0,0,0,0,0,0,0,0,0,0,0,0,0,0,0,0,0,0,0,0,0,0,0,0,0,0,0,0,0,0,0,0,29,0
Dorvilleidae g.,0,0,0,0,0,0,0,0,0,0,0,0,0,0,0,22,0,0,0,0,0,0,0,0,0,0,0,0,0,0,0,0,0,0,0,0,0,0,0,0,0,0,0,0,0,0,0,0,0,0,0,0,0,0
Echinarachnius parma,0,0,0,0,249,65,187,162,13,29,0,1366,0,0,21,15,36,0,113,0,0,0,0,0,0,0,23,0,121,319,913,201,541,0,0,0,0,0,24,0,0,0,0,0,0,0,0,58,31,0,43,0,0,0
Enchelyopus cimbrius,0,0,0,0,0,1393,22531,0,0,0,0,15061,3931,733,0,0,0,0,0,0,0,0,0,0,32551,14792,440,0,0,0,0,1022,14842,0,0,0,11111,0,4,0,0,0,0,0,0,0,0,0,0,0,0,0,0,0
Enipo torelli,0,0,0,0,0,0,0,0,0,0,0,0,0,0,0,0,0,0,0,0,0,0,0,0,0,0,0,0,0,0,0,0,0,0,0,0,0,0,0,0,0,21,0,0,0,0,0,0,0,0,0,0,0,0
Ennucula tenuis,0,0,0,368,0,0,0,0,0,34,0,0,0,0,0,0,0,0,0,0,0,0,0,0,0,0,0,0,0,0,0,0,0,0,0,0,0,0,0,0,0,0,0,0,0,0,0,0,0,0,0,0,0,0
Epizoanthus arenaceus,0,0,0,0,0,0,0,0,0,0,0,0,0,0,0,0,0,0,0,0,0,0,0,0,0,0,0,0,0,0,0,0,0,0,0,0,0,0,0,0,0,0,0,16,0,0,0,0,0,0,0,0,0,0
Ericthonius fasciatus,0,0,0,0,0,0,0,0,0,0,0,0,0,0,0,0,0,0,27,0,0,0,0,0,0,0,0,0,0,0,0,0,0,0,0,0,0,0,0,0,0,0,0,0,0,0,0,17,0,0,0,0,0,0
Eubranchus pallidus,0,0,0,0,0,0,0,0,0,0,0,0,0,0,0,0,0,0,0,0,0,0,0,0,0,0,0,0,0,0,0,0,0,0,0,0,0,0,0,0,0,0,0,0,0,0,0,0,0,0,240,0,0,0
Euclymeninae g.,0,0,0,0,0,0,20,0,0,30,0,0,0,0,0,0,0,0,0,0,0,0,0,0,0,0,0,0,0,0,0,0,35,0,0,0,0,0,0,0,0,0,0,0,0,0,0,0,0,0,0,0,0,0
Eudendrium capillare,0,0,0,0,0,0,0,0,0,0,0,0,0,0,0,0,0,0,0,0,0,0,0,0,0,0,0,0,0,0,0,0,0,0,0,0,0,0,0,0,0,0,0,0,0,0,0,0,19,0,0,0,0,0
Euphausia krohni,0,0,0,0,0,0,0,0,0,0,0,0,0,0,0,0,0,15,0,0,0,0,0,0,0,0,0,0,0,0,0,0,0,0,0,0,0,0,0,0,0,0,0,0,0,0,0,0,0,0,0,0,0,0
Eurypon clavigerum,0,0,0,0,0,0,0,0,0,0,0,0,0,0,0,0,0,0,0,0,0,0,0,0,0,0,0,0,0,0,0,0,0,0,0,0,0,0,0,0,0,0,0,42,0,0,0,0,0,0,0,0,0,0
Flabelligeridae g.,0,0,0,0,0,0,19,0,0,0,0,13,0,0,0,0,0,0,0,0,0,0,0,0,0,0,0,0,0,0,0,0,0,0,0,0,0,0,0,0,0,0,0,0,0,0,0,0,0,0,0,0,0,0
Flustra foliacea,0,0,0,0,0,0,0,0,0,0,0,0,0,0,0,0,0,0,0,0,0,0,0,0,0,0,0,0,0,0,0,0,0,0,0,0,0,0,77,0,0,0,0,0,0,0,0,0,0,0,0,0,0,0
Gadus g.,0,0,0,0,0,0,0,0,0,0,0,933,0,0,7758,0,802,11713,13605,20,0,0,0,0,70,0,0,8550,0,0,0,0,9255,10,0,0,0,13196,0,0,0,0,0,21,16,0,0,124781,15756,0,0,0,0,4435
Gadus morhua,0,0,0,0,0,0,0,0,0,0,0,0,0,0,0,0,0,0,0,0,0,0,0,0,0,0,0,0,0,0,0,0,0,0,0,0,0,0,0,0,0,0,0,0,0,0,0,751,0,0,0,0,0,0
Galathowenia oculata,0,0,0,0,0,0,0,0,0,0,0,0,0,31,0,0,0,0,0,0,0,0,0,0,0,0,0,0,0,0,0,0,0,0,0,0,0,0,0,0,0,0,0,0,0,0,0,0,0,0,0,0,0,0
Gersemia rubiformis,0,0,0,0,0,0,38,0,0,12,0,0,0,10,0,0,0,0,0,0,0,0,0,0,0,0,0,0,0,0,0,0,0,0,0,0,0,0,0,0,0,0,0,0,0,0,0,0,0,0,0,0,0,0
Glycera capitata,0,0,0,0,0,0,0,0,0,28,0,0,0,0,0,0,0,0,0,0,0,0,0,0,0,0,0,0,0,0,0,0,0,0,0,0,0,0,0,0,0,0,0,0,0,0,0,0,0,0,0,0,0,0
Glyptocephalus cynoglossus,0,0,0,0,0,6329,0,0,12224,0,1842,12858,0,24554,14008,3065,0,0,12407,0,3912,0,0,0,0,0,0,0,0,0,0,2326,0,60,0,0,0,0,0,0,1246,0,0,0,0,0,0,0,0,0,0,0,0,0
Gonactiniidae f.,0,0,0,0,0,0,0,0,0,0,0,0,0,0,0,0,0,0,22,0,0,15,0,19,0,0,0,0,0,0,0,0,0,0,0,0,0,0,0,0,0,0,0,0,0,0,0,0,0,0,0,0,0,0
Goniada maculata,0,0,0,0,0,0,0,0,0,0,0,0,0,0,0,17,0,0,0,0,0,0,0,0,0,0,0,0,0,0,0,0,0,0,0,0,0,0,0,0,0,0,0,0,0,0,0,0,0,0,0,0,0,0
Halichondria coerulea,0,0,0,13,0,0,38,0,0,0,0,0,0,0,0,0,0,0,0,0,0,0,0,0,0,0,0,0,0,0,0,0,0,0,0,0,0,0,0,0,0,0,0,0,0,0,0,10,37,11,0,0,0,0
Halichondria panicea,0,0,0,0,0,0,28,0,0,0,0,0,0,0,0,0,0,0,0,0,0,0,0,0,0,0,0,0,0,0,0,0,0,0,0,0,0,0,12,0,0,0,0,0,0,0,0,0,0,0,0,0,0,0
Halocyprida g.,0,0,0,0,0,0,0,0,0,0,0,0,50,0,0,0,0,0,0,0,0,0,0,0,0,0,0,0,0,0,0,0,0,0,0,0,0,0,0,0,0,0,0,0,0,0,0,0,0,0,0,0,0,0
Halopsis ocellata,0,0,0,0,0,0,0,0,0,0,0,0,0,10,0,0,0,184,0,0,0,13,12,0,0,0,0,0,0,0,0,0,0,0,0,0,0,0,0,0,0,0,22,0,0,0,0,0,0,0,0,0,0,0
Helicolenus dactylopterus,0,0,0,0,0,0,0,0,0,0,0,0,0,0,0,0,0,0,0,0,0,0,0,8428,0,2712,0,0,0,0,0,0,0,0,0,364,0,0,0,0,0,0,0,10239,0,0,0,0,0,0,0,0,0,0
Henricia g.,0,0,0,0,0,0,0,0,0,0,0,0,0,0,0,0,0,0,0,0,0,0,0,0,0,0,0,0,0,0,0,0,0,0,0,0,0,0,0,0,0,0,10,0,0,0,0,0,0,0,0,0,0,0
Hippoglossina oblonga,0,0,0,0,0,0,0,0,0,0,0,0,0,0,0,0,0,0,0,0,0,0,0,0,0,0,0,0,0,0,0,0,0,0,0,0,0,0,0,0,0,0,0,0,0,0,0,0,786,0,0,697,380,0
Hippoglossoides platessoides,0,0,0,0,0,0,3352,1682,7637,9332,0,859,0,27231,8737,360746,5735,0,0,0,0,0,114,0,0,1325,0,0,5719,2068,0,853,0,0,0,0,0,0,49,0,0,0,0,0,0,0,0,0,0,0,0,0,0,0
Hippoglossus hippoglossus,3103,0,0,0,0,0,0,0,0,0,0,0,0,8143,0,0,0,0,11,0,0,0,0,0,0,68493,0,214,0,9953,0,7440,0,0,0,0,0,0,92,0,0,0,0,0,0,0,0,0,0,0,0,0,0,0
Hydractinia g.,0,0,0,0,0,0,0,0,0,0,0,0,0,0,0,0,0,0,0,0,0,0,0,0,0,0,0,0,0,0,0,0,0,0,0,0,0,0,0,0,0,0,0,0,0,0,0,10,0,0,0,0,0,0
Hydrozoa g.,10,0,0,0,0,0,0,0,0,0,0,0,0,0,0,0,0,0,0,0,0,0,0,0,0,0,0,0,0,0,0,0,0,0,0,0,0,0,0,0,0,0,0,0,0,0,0,0,0,0,0,0,0,0
Hymeraphia stellifera,0,0,0,0,0,0,0,0,0,0,0,0,0,0,0,0,0,0,0,0,0,0,0,0,0,0,0,13,0,0,0,0,0,0,0,0,0,0,0,0,0,0,0,0,0,0,0,0,0,0,0,0,0,0
Illex g.,0,0,0,0,0,0,0,0,0,0,0,0,55,0,0,0,0,0,0,0,0,0,26,39,0,0,29,0,0,0,0,0,0,0,0,0,0,0,0,0,0,0,19,0,0,0,0,0,0,0,0,0,0,0
Lafoea dumosa,47,0,0,0,0,0,0,0,0,0,0,0,0,0,0,0,0,0,0,0,0,0,0,0,0,0,0,0,0,0,0,11,0,0,0,0,0,0,0,0,0,0,0,0,0,0,0,0,0,11,0,0,0,10
Lagenorhynchus acutus,0,0,0,0,0,0,0,0,0,0,347,0,0,0,0,0,0,0,0,0,0,0,0,0,0,0,0,0,0,0,0,0,0,0,0,0,0,0,0,0,0,0,0,0,0,0,0,0,0,0,0,0,0,22
Lamna nasus,0,0,0,0,0,0,0,0,0,0,0,0,0,0,0,0,0,0,0,1208,2091,0,0,0,0,0,26,0,0,0,0,0,0,0,0,0,0,0,0,0,0,0,0,0,0,0,0,6306,0,992,0,0,1628,0
Laonice cirrata,0,0,0,0,0,0,16,0,0,21,0,24,0,0,0,0,0,0,27,0,0,0,0,0,0,0,0,0,0,0,0,0,0,0,0,0,0,0,0,0,0,0,0,0,0,0,0,0,0,0,0,0,0,0
Laonice sarsi,17,0,0,0,0,0,0,0,0,0,0,0,0,0,0,0,0,0,13,0,0,13,0,0,0,0,0,0,0,0,0,0,0,0,0,0,0,0,0,0,21,99,0,0,0,14,0,0,0,0,0,0,0,0
Leptagonus decagonus,0,0,0,0,0,0,1546,0,0,0,0,0,0,0,0,0,0,0,0,0,0,0,0,0,0,0,0,0,0,0,0,0,0,0,0,0,0,0,0,0,0,0,0,0,0,0,0,0,0,0,0,0,0,0
Leptasterias littoralis,0,0,0,0,12,0,0,0,0,0,0,0,0,0,0,0,0,0,0,0,0,0,0,0,0,0,0,0,0,0,0,0,0,0,0,0,0,0,0,0,0,0,0,0,0,0,0,0,0,0,0,0,0,0
Leptoclinus maculatus,0,0,0,0,0,0,0,0,0,12366,0,0,0,0,0,0,0,0,0,0,0,0,0,0,0,0,0,0,0,0,0,0,0,0,0,0,0,0,0,0,0,0,0,0,0,0,0,0,0,0,0,0,0,0
Lestidiops ringens,0,0,0,0,0,0,0,0,0,0,0,0,0,0,0,0,0,0,0,0,0,0,0,10838,0,0,0,0,0,0,0,0,0,0,0,0,0,0,0,0,0,0,0,0,0,0,0,0,0,0,0,0,0,0
Leuckartiara nobilis,0,0,0,0,0,0,0,0,0,0,0,0,0,0,0,0,0,0,0,0,0,0,0,0,0,0,0,0,0,0,0,0,0,0,0,0,0,0,0,0,78,0,0,0,156,0,0,0,0,0,0,0,0,0
Leuckartiara octona,0,0,0,0,0,0,0,0,0,0,0,0,0,0,0,0,0,0,0,0,0,0,0,0,0,28,119,0,0,0,0,0,0,0,74,14598,0,0,0,5445,98,0,0,69,16,19,0,0,0,14,0,0,0,0
Leucoraja erinacea,0,0,0,0,0,0,0,0,0,0,0,0,0,0,0,0,0,0,0,0,0,0,7320,0,0,0,0,0,0,0,21431,0,0,19,0,0,0,0,0,0,0,0,0,0,0,0,0,48949,14050,14790,20551,1028,20059,0
Leucoraja ocellata,0,0,0,0,0,0,0,0,0,0,0,0,0,0,0,0,0,0,0,0,0,0,0,0,0,0,0,0,0,0,0,0,0,0,0,0,0,0,0,0,0,0,0,0,0,0,0,105,0,475,1912,0,2528,0
Limacina helicina,0,0,0,0,0,0,0,0,0,0,0,0,0,0,0,0,0,0,21,0,0,0,0,0,0,0,0,0,0,0,0,0,0,0,0,0,0,0,0,0,0,0,0,0,0,0,0,0,0,0,0,0,0,0
Limanda ferruginea,0,0,0,0,0,0,112,1585,0,0,0,3627,0,0,0,5352,0,0,0,0,0,0,756,720,0,0,0,0,2288,0,0,0,857,0,0,0,0,0,0,0,0,0,0,0,0,0,0,0,0,0,0,0,422,0
Liparis gibbus,0,0,0,0,0,0,1356,0,0,0,0,0,0,0,0,0,0,0,0,0,0,0,0,0,0,0,0,0,0,0,0,0,0,0,0,0,0,0,0,0,0,0,0,0,0,0,0,0,0,0,0,0,0,0
Liparis inquilinus,0,0,0,0,0,0,0,0,0,0,0,0,0,0,0,0,0,0,0,0,0,0,0,0,0,0,0,0,0,0,0,0,0,0,0,0,0,0,0,0,0,0,0,0,0,0,0,29126,0,0,0,0,0,0
Lophius americanus,0,0,0,0,0,0,0,0,0,0,0,0,3651,0,0,0,0,0,0,0,0,0,591,533,0,0,0,0,0,0,0,0,0,12,0,0,0,0,0,0,0,0,0,0,0,0,0,12809,0,6916,0,852,0,18062
Lumpenus lampretaeformis,0,0,0,0,0,430,15927,0,37827,7454,0,0,0,952,0,6476,0,0,0,0,0,0,0,0,0,0,0,0,0,0,0,0,30,0,0,0,0,0,0,0,0,0,0,0,0,0,0,0,0,0,0,0,0,0
Lycenchelys kolthoffi,0,0,0,0,0,0,0,0,0,0,0,0,0,0,0,0,0,0,0,0,0,0,0,0,0,52314,0,0,0,0,0,0,0,0,0,0,0,0,68,2295,0,0,0,0,0,0,0,0,0,0,0,0,0,0
Lycodes vahlii,0,0,0,0,0,0,0,0,0,0,0,0,0,0,0,0,0,91,0,0,0,0,0,0,0,0,0,0,0,0,0,0,0,0,0,0,0,0,0,0,0,0,0,0,0,0,0,0,0,0,0,0,0,0
Macoma calcarea,0,0,0,0,0,0,0,0,0,23,0,0,0,0,0,0,0,0,0,0,0,0,0,0,0,0,0,0,0,0,0,0,0,0,0,0,0,0,0,0,0,0,0,0,0,0,0,0,0,0,0,0,0,0
Malacoraja kreffti,0,0,0,0,0,0,0,0,0,0,0,0,0,0,0,0,0,0,0,0,0,0,0,0,0,0,0,0,0,0,0,0,0,0,0,0,0,1492,0,0,0,0,0,0,0,0,0,0,0,0,0,0,0,0
Maldane sarsi,0,0,0,0,0,0,0,0,0,0,0,26,0,0,0,0,0,0,0,0,0,0,0,0,0,0,0,0,0,0,0,0,0,0,0,0,0,0,0,0,0,0,0,0,0,0,0,0,0,0,0,0,0,0
Meganyctiphanes norvegica,36,0,0,0,0,0,0,0,0,0,0,0,0,225,0,92,13,0,0,0,11,0,0,0,0,15,0,0,0,0,0,0,0,0,0,0,0,0,0,16,21,0,0,0,12,14,10,0,0,0,0,0,0,0
Megaptera novaeangliae,0,0,0,0,0,0,0,0,0,0,0,0,0,0,0,0,0,0,0,0,0,0,0,0,0,0,0,0,0,0,0,0,0,0,0,0,0,0,0,0,0,0,0,0,0,0,0,0,0,230,0,0,0,0
Melanogrammus aeglefinus,0,0,3249,3965,0,0,0,0,0,0,0,0,0,0,0,0,0,3797,0,0,2371,0,13168,0,0,142208,0,0,0,4078,0,0,0,0,0,0,0,0,0,0,0,0,0,0,0,0,0,118710,17,7311,0,0,0,2753
Melanogrammus g.,619,0,0,0,0,0,0,0,0,0,0,0,0,0,0,0,0,4575,1334,342,0,410,2599,4213,0,7980,0,0,0,633,0,0,0,0,0,0,0,0,0,0,580,572,1145,0,0,0,883,7420,6980,2015,0,0,0,0
Melicertum octocostatum,10,0,0,9121,0,35,0,0,0,0,0,0,0,0,0,0,0,0,0,0,0,0,0,0,0,0,0,0,0,0,0,0,0,108,0,0,0,0,0,0,0,0,3946,0,0,0,0,0,0,0,0,0,0,0
Melinna cristata,0,0,0,0,0,0,0,0,0,0,0,187,186,0,0,0,0,0,0,0,0,0,0,0,0,0,0,0,0,0,0,0,0,0,0,0,0,0,0,0,0,0,0,0,0,0,0,0,0,0,0,0,0,0
Membranipora membranacea,0,0,0,0,0,0,0,0,0,0,0,0,0,0,0,0,0,0,0,0,0,0,0,0,0,0,0,0,0,0,0,0,0,0,0,0,0,0,0,0,0,0,0,0,0,0,11,0,0,0,0,0,0,0
Merluccius albidus,0,0,0,0,0,0,0,0,0,0,0,0,0,0,0,0,0,0,0,4,0,0,88,476945,0,0,0,0,0,6139,0,0,0,0,78,0,0,0,0,0,0,0,0,0,0,0,0,0,0,0,0,0,0,0
Merluccius bilinearis,2891,1487,0,0,0,7789,0,0,0,0,34,12982,0,0,0,0,0,615,131874,0,24777,399,377,136664,11474,165347,2926,11584,6787,541182,3710,3971,551,9495,0,5787,0,0,25,0,6179,0,549,10332,0,0,852,25436,12396,3318,20647,59654,11,0
Metridia lucens,0,0,4793,0,0,0,0,0,0,0,0,0,0,0,0,0,16,0,0,0,25,0,0,0,0,0,0,0,0,0,0,0,54,0,0,0,0,0,0,0,0,0,0,0,0,0,0,0,0,0,0,0,0,0
Metridium g.,0,0,0,0,0,0,0,0,0,0,0,0,0,0,0,0,0,0,0,0,0,0,0,0,0,0,0,0,0,0,0,0,0,0,0,0,0,0,0,0,0,0,0,0,0,0,0,271,0,0,0,0,0,0
Mitrocomella polydiademata,0,0,0,23,0,0,0,0,0,0,0,0,0,0,0,0,0,0,0,0,0,0,0,0,0,0,0,0,11,0,0,0,0,13,0,0,0,0,0,0,0,0,59,0,0,0,0,0,0,0,0,0,0,0
Myoxocephalus octodecemspinosus,0,0,9794,0,0,0,0,0,0,0,0,0,0,0,0,0,0,0,0,1,0,0,6989,0,0,0,0,0,3103,0,7414,0,2388,0,0,0,0,0,0,0,0,1,0,0,0,0,0,21969,424,5541,0,0,0,5357
Mytilus edulis,0,0,0,0,0,0,0,0,0,0,0,0,0,0,0,0,0,0,0,0,0,0,0,0,0,0,0,0,0,0,0,0,0,0,0,0,0,0,0,0,0,0,0,0,0,0,0,14,27,0,0,0,0,0
Myxicola infundibulum,0,0,0,0,0,0,0,0,0,0,0,0,0,0,0,0,0,0,0,0,0,0,0,0,0,0,0,22,0,0,0,0,35,0,0,0,0,0,0,0,0,0,0,0,0,0,0,0,10,0,0,0,0,0
Myxine limosa,0,0,0,0,0,0,0,0,0,0,33,0,0,0,0,0,0,0,0,0,0,0,0,0,0,0,0,0,0,0,0,0,0,12,0,0,0,0,0,0,0,0,0,0,0,0,10,0,0,0,0,0,0,0
Nanomia cara,768,204,26,13,0,12,44,14,0,60,0,0,14,0,0,0,0,14,0,0,86,1160,8218,1795,1265,925,437,16,0,22,0,0,17,39,4771,891,161,69,0,2436,2436,13022,11,408,62,754,3359,157,643,113,75,658,14812,211
Nematoscelis megalops,0,0,0,0,0,0,0,0,0,0,0,0,0,0,0,0,0,62,0,0,0,0,0,0,0,0,0,0,0,0,0,0,0,0,0,0,0,0,0,0,0,0,0,0,18,0,0,0,0,0,0,0,0,0
Nereis pelagica,12,0,0,0,0,0,0,0,0,0,0,0,0,0,0,0,10,0,0,0,0,0,0,0,0,0,0,0,0,0,0,0,0,0,0,0,0,0,0,0,0,0,0,0,0,0,0,0,0,0,0,0,0,0
Nezumia bairdii,0,0,0,0,0,0,0,0,0,0,532,0,0,0,0,0,0,0,0,0,0,0,0,0,0,0,0,0,0,0,0,0,0,0,0,0,0,0,0,0,0,0,0,0,522,0,0,0,0,0,0,0,0,0
Nothria conchylega,0,0,0,0,0,0,0,0,0,0,0,42,0,0,0,33,0,0,0,0,0,0,0,0,0,0,0,0,0,0,0,0,0,0,0,0,0,0,0,0,0,0,0,0,0,0,0,0,0,0,0,0,0,0
Notoscopelus elongatus,0,0,0,0,0,0,0,0,0,0,0,0,0,0,0,0,0,0,0,0,0,0,0,3402,0,0,0,0,0,0,0,0,0,0,0,0,0,0,0,0,0,0,0,0,0,0,0,0,0,0,0,0,0,0
Obelia g.,0,0,0,0,0,0,0,0,0,0,0,0,0,0,0,0,0,0,0,0,0,0,0,0,0,0,0,0,0,22,12,0,0,0,0,0,0,0,12,0,0,2136,0,0,0,13,0,0,0,0,0,0,11,0
Oithona similis,266,0,0,26,180,0,0,0,0,0,0,0,0,0,0,0,0,0,0,0,331,0,0,0,0,0,0,184,43,108,120,31,0,0,0,0,0,0,0,0,0,0,0,0,0,0,0,0,0,0,39,0,0,0
Oncorhynchus mykiss,0,0,0,0,0,0,0,0,0,0,0,0,0,0,0,0,1999,0,0,0,0,0,0,0,0,0,0,0,0,0,0,0,0,0,0,0,0,0,0,0,0,0,0,0,0,0,0,0,0,0,0,0,0,0
Ophelina acuminata,0,0,0,0,0,0,0,0,0,48,0,177,0,30932,0,0,0,0,161,0,0,0,0,0,0,0,0,0,0,40,0,444,0,0,0,0,0,0,0,0,0,0,0,0,0,0,0,0,0,0,0,0,0,0
Ophiopholis aculeata,0,0,0,154,85835,0,0,0,0,16,0,0,0,0,0,24,25,15,0,0,0,0,0,0,0,0,0,0,0,25,0,0,0,0,0,45,0,0,0,0,0,0,10540,0,0,0,0,0,12,0,750,0,0,0
Ophiura g.,0,0,0,0,0,0,0,0,0,0,0,0,0,0,0,0,0,0,0,0,0,0,0,0,0,0,0,0,0,0,0,0,0,0,0,0,0,0,0,0,0,0,0,0,0,0,20,0,0,0,0,0,0,0
Ophiuroidea g.,0,0,0,0,163,0,0,0,0,0,0,0,0,0,38,16,11,37,0,0,0,0,0,0,0,0,0,0,0,0,10,0,0,0,0,0,0,0,0,0,0,0,0,0,0,0,0,0,0,0,0,0,0,0
Oscarella balibaloi,0,0,0,0,0,0,0,0,0,0,0,0,0,0,0,0,0,0,0,0,0,29,0,0,0,0,0,0,0,0,0,0,0,0,0,0,0,0,0,0,0,0,0,0,0,0,0,0,0,0,0,0,0,0
Oscarella viridis,0,0,0,14,0,0,0,0,0,0,0,0,0,0,0,0,0,0,0,0,0,98,0,0,0,0,0,0,0,0,0,0,0,0,0,0,0,0,0,0,0,0,0,0,0,0,0,0,0,0,0,0,0,0
Owenia fusiformis,0,0,0,0,0,0,0,0,0,0,0,0,0,11,0,0,0,0,0,0,0,0,0,0,0,0,0,0,0,0,0,0,0,0,0,0,0,0,0,0,0,0,0,0,0,0,0,0,0,0,0,0,0,0
Paracalanidae g.,0,0,0,0,0,0,12392,0,0,0,0,0,0,0,0,0,0,0,0,0,0,0,0,0,0,0,0,0,0,0,0,0,0,0,0,0,0,0,0,0,0,0,0,0,0,0,0,0,0,0,0,0,0,0
Paracalanus g.,0,0,0,0,0,0,0,0,0,0,0,0,0,0,0,0,0,0,0,0,0,0,0,0,0,0,0,0,0,0,0,0,0,0,0,0,0,0,0,0,0,0,0,0,0,0,0,2787,5506,403,1028,0,0,0
Paraeuchaeta norvegica,0,0,0,0,0,0,0,0,0,39,0,0,0,0,0,0,0,0,0,0,0,0,0,0,0,0,0,0,0,0,0,0,0,0,0,0,0,0,0,14651,0,0,0,0,0,0,0,0,0,0,0,0,0,0
Paramphinome jeffreysii,0,0,0,0,0,0,0,0,0,0,0,0,0,0,0,0,0,0,0,0,0,0,0,0,0,0,0,0,0,0,0,0,0,0,0,0,0,0,0,0,37,0,0,0,0,0,0,0,0,0,0,0,0,0
Parvicirrus dubius,0,0,0,0,0,0,0,0,0,0,0,0,0,0,0,0,0,0,0,0,0,0,0,0,0,0,0,0,0,0,0,0,0,0,0,0,0,0,0,0,0,0,0,0,0,0,0,0,0,0,0,0,10,0
Pectinaria granulata,0,0,0,20,0,0,0,0,0,0,506,0,0,0,0,53,0,0,0,0,0,0,0,0,0,0,0,0,0,0,0,0,0,0,0,0,0,0,0,0,0,0,0,0,0,0,0,0,0,0,0,0,0,0
Pennatula aculeata,0,0,0,0,0,0,0,0,0,0,0,0,11,0,0,0,0,0,0,0,0,0,0,0,0,10,39,0,0,0,0,0,0,0,14,0,0,0,0,0,0,0,0,0,0,0,0,0,0,0,0,0,0,0
Phacellophora camtschatica,0,0,0,0,0,0,0,0,0,0,10,62,19,13,21,0,0,0,0,0,0,0,0,0,137,0,21,0,0,0,0,0,0,0,10,0,35,0,0,19,35,21,0,11,0,28,273,0,0,0,0,0,0,0
Pherusa affinis,0,0,0,0,0,0,0,0,0,0,0,0,0,0,0,0,0,0,0,0,0,0,0,0,0,0,0,0,14,0,0,0,0,0,0,0,0,0,0,0,0,0,0,0,0,0,0,0,12,0,0,0,0,0
Phocoena phocoena,0,0,0,0,0,0,0,0,0,0,0,0,0,0,0,0,0,0,0,0,0,0,0,0,0,0,0,0,0,0,0,0,0,0,0,0,212,0,0,0,0,0,0,0,0,0,0,0,0,0,0,0,0,0
Pholis gunnellus,3586,0,0,0,0,0,0,0,0,0,0,0,0,0,0,0,0,0,0,0,0,0,0,0,0,0,0,18775,0,0,0,0,0,0,0,0,0,0,564,0,0,0,0,0,0,0,1077,31292,10334,290,0,0,0,0
Phycis chesteri,0,0,0,0,0,0,0,0,0,0,3221,0,5756,0,0,0,0,0,0,0,0,0,0,0,0,0,0,0,0,0,0,0,0,0,10,0,0,0,0,0,0,0,0,0,0,0,0,0,0,0,0,0,0,0
Phyllodoce groenlandica,0,0,0,0,0,0,0,0,0,0,0,11,0,0,0,0,0,0,0,0,0,0,0,0,0,0,0,0,0,0,0,0,0,0,0,0,0,0,0,0,0,0,0,0,0,0,0,0,0,0,0,0,0,0
Pleuromamma borealis,0,11,0,0,0,0,0,0,0,0,0,0,0,0,0,0,0,0,0,0,0,0,0,0,0,0,0,0,0,0,0,0,0,0,0,0,0,0,0,0,0,0,0,0,0,0,0,0,0,0,0,0,0,0
Plexauridae f.,0,11,0,0,0,0,0,0,0,0,0,0,0,0,0,0,0,0,0,0,0,0,0,0,0,0,0,0,0,0,0,0,0,0,0,0,0,0,0,0,0,0,0,0,0,0,0,0,0,0,0,0,0,0
Plotocnide borealis,0,0,0,0,0,0,0,0,0,0,0,0,0,0,0,0,0,0,0,0,0,0,0,0,0,16,0,0,0,0,0,48,0,0,0,0,0,0,0,0,0,0,0,0,0,0,0,0,0,0,0,0,0,0
Pollachius virens,6753,0,0,0,0,0,0,0,0,0,0,0,0,0,0,0,0,0,0,851,0,0,0,0,0,3356,0,0,0,0,0,0,0,0,0,0,0,0,0,0,581,0,0,0,0,5273,0,0,0,0,0,0,0,0
Polygordius jouinae,0,0,0,0,0,0,0,0,0,0,0,0,0,0,0,0,0,0,0,0,0,0,0,0,0,0,0,15,1083,0,520,0,0,0,0,0,0,0,0,0,0,0,0,0,0,0,0,0,56,0,683,30,0,0
Polymastia bartletti,0,0,0,0,0,0,0,0,0,0,0,0,0,0,0,0,0,0,0,0,0,0,0,0,0,0,0,0,0,0,0,0,0,0,0,0,0,0,0,0,0,0,0,0,0,0,0,0,10,0,0,0,0,0
Priapulus caudatus,0,0,0,0,0,0,0,0,0,0,0,1086,0,0,0,0,0,0,0,0,0,0,0,0,0,0,0,0,0,0,0,0,0,0,0,0,10,0,0,0,0,0,0,0,0,0,0,0,0,0,0,0,0,0
Prionace glauca,0,0,0,0,0,0,0,0,0,0,0,0,0,0,0,0,0,0,1051,0,204,0,0,0,0,5270,0,0,0,0,0,0,0,0,0,0,0,0,0,0,0,0,0,0,0,0,0,0,0,0,0,0,0,0
Proclea malmgreni,0,0,0,0,0,0,0,0,0,0,0,105,0,114,0,0,0,0,0,0,0,0,0,0,0,0,0,0,0,0,0,0,143,0,0,0,0,0,0,0,0,0,0,0,0,0,0,0,0,0,0,0,0,0
Protomyctophum arcticum,0,93,0,0,0,0,0,0,0,0,70,0,0,0,0,0,0,0,0,0,0,0,0,0,0,0,0,0,0,0,0,0,0,0,0,0,0,0,0,0,0,0,0,0,0,506,0,0,0,0,0,0,0,0
Protosuberites denhartogi,0,0,0,22,0,0,0,0,0,0,0,0,0,0,0,0,0,0,0,0,0,0,0,0,0,0,0,0,0,0,0,0,11,0,0,0,0,0,0,0,0,0,0,0,0,0,0,0,0,0,0,0,0,0
Protosuberites g.,20,0,13,0,0,0,0,0,0,0,0,0,0,0,0,0,0,0,0,0,0,86,0,0,0,0,0,11,0,0,0,0,0,0,0,0,0,15,20,72,0,16,27,0,0,0,0,0,47,41,0,3357,0,0
Protosuberites mereui,0,0,0,0,0,0,0,0,0,0,0,0,0,0,0,0,0,0,0,0,0,0,0,0,0,18,0,0,0,0,0,0,0,0,0,0,0,0,0,0,0,0,0,0,0,0,0,0,0,0,0,0,0,0
Pseudocalanus mimus,0,0,0,0,0,0,0,0,0,0,0,0,0,0,0,0,0,0,0,0,21,0,0,0,0,0,0,0,0,0,0,0,0,0,0,0,0,0,0,0,0,0,158,0,11,0,0,0,0,0,0,0,0,0
Pseudocalanus minutus,0,0,0,0,0,0,0,0,0,0,0,0,0,0,0,0,0,0,0,0,0,0,14,0,0,483,0,0,0,0,0,11042,0,0,0,0,0,0,0,0,0,0,0,0,0,0,0,0,0,0,0,0,0,0
Pseudocalanus moultoni,0,0,509,0,79,0,0,0,0,0,0,0,0,0,0,0,0,0,0,0,0,0,0,0,0,0,0,0,0,0,50,0,0,0,0,0,43,0,0,0,92,0,256,0,319,0,0,0,0,108,0,0,0,0
Pseudocalanus newmani,0,0,21147,3558,7590,0,0,8429,0,0,0,0,0,0,0,0,0,0,0,0,60957,0,337,0,0,0,20,19317,9507,0,32022,0,0,0,0,0,2728,2835,0,0,0,0,6137,0,0,0,0,0,0,0,0,0,0,0
Pseudopleuronectes americanus,0,0,0,0,0,0,0,0,0,0,0,16047,0,0,0,0,0,0,0,0,0,0,5715,0,0,0,0,0,41715,0,1980,372,0,0,0,0,0,0,4952,0,0,0,0,0,0,0,0,0,0,0,3043,0,0,0
Pseudopotamilla reniformis,0,0,10,0,0,0,0,0,0,0,0,0,0,0,0,0,0,0,0,0,0,0,0,0,0,0,0,0,0,0,0,0,0,0,0,0,0,0,0,0,0,0,0,0,0,0,0,0,24,0,0,0,0,0
Pseudosuberites g.,0,0,0,0,0,0,0,0,0,0,0,0,0,0,0,0,0,0,0,0,0,0,0,0,0,0,0,0,0,0,0,0,0,0,0,0,0,0,0,0,0,0,0,0,0,0,0,0,20,0,0,0,0,0
Psolus phantapus,0,0,0,0,0,0,0,83,0,0,0,0,0,0,0,0,0,0,0,0,0,0,0,0,0,0,0,0,0,0,0,0,0,0,0,0,0,0,0,0,0,0,0,0,0,0,0,0,0,0,0,0,0,0
Raja radiata,0,0,0,0,0,0,0,0,0,0,0,653,0,0,0,6491,0,0,0,0,0,0,0,0,0,0,0,0,0,0,0,0,0,0,0,0,0,0,0,0,0,0,0,0,0,0,0,0,0,0,0,0,0,0
Rajidae f.,0,0,0,0,0,0,0,0,0,0,0,0,0,0,0,0,0,0,0,0,0,0,0,0,0,0,0,0,0,0,0,0,0,0,0,0,0,0,0,0,17,0,0,0,0,0,0,0,0,0,0,0,0,0
Rhizocaulus verticillatus,0,0,0,0,0,0,0,0,0,0,0,0,0,0,0,0,0,0,0,0,0,0,0,0,0,0,0,0,0,0,0,0,0,0,0,0,0,0,11,0,0,0,0,0,0,0,0,0,0,0,0,0,0,0
Sabellides octocirrata,0,0,0,0,0,0,0,0,0,0,0,98,0,0,0,0,0,0,0,0,0,0,0,0,0,0,0,0,0,0,0,10,0,12320,0,15,0,0,0,0,20,10,0,0,0,12,0,0,0,0,0,0,0,0
Salmo salar,0,0,0,0,0,0,0,0,0,0,0,0,0,406,0,0,0,0,0,0,0,0,0,0,0,2749,0,0,0,0,0,0,0,0,0,0,0,0,0,0,0,0,0,0,0,0,0,0,0,0,0,0,0,0
Scaphander punctostriatus,0,0,0,0,0,0,0,0,0,0,0,0,0,0,0,0,0,0,0,0,0,0,0,0,0,0,0,0,0,0,0,0,0,0,0,0,0,0,0,0,0,0,0,0,0,0,13,0,0,0,0,0,0,0
Scoloplos g.,0,0,0,0,0,0,0,0,0,0,0,0,0,0,0,0,0,0,0,0,0,0,0,0,0,0,0,0,0,0,0,0,45,0,0,0,0,0,0,0,0,0,0,0,0,0,0,0,0,0,0,0,0,0
Scomber scombrus,0,0,0,0,0,421,16702,0,0,0,0,57318,0,0,0,0,0,0,0,0,0,0,0,0,2968,17350,0,0,0,0,5572,0,0,0,0,0,0,0,0,0,0,0,0,0,0,0,0,10272,854,0,0,0,0,0
Scomberesox saurus,0,0,0,0,0,0,10948,0,0,0,0,0,0,0,0,0,0,0,0,0,0,0,0,0,0,0,0,0,0,0,0,0,0,0,0,0,0,0,0,0,0,0,0,0,0,0,0,0,3526,0,0,0,0,0
Scophthalmus aquosus,0,0,0,0,0,0,0,0,0,0,0,0,0,0,0,0,0,0,0,0,0,0,0,0,0,0,0,0,0,0,0,0,0,0,0,0,0,0,0,0,0,0,0,0,0,0,0,0,1702,0,0,0,0,0
Sebastes fasciatus,0,0,0,0,0,0,0,0,282,0,7717,3266,32167,460,1739,0,0,0,0,0,2713,0,0,0,1804,869,512,0,0,0,0,0,0,0,1328,0,0,0,0,0,1446,0,0,0,0,0,0,0,0,0,0,0,0,0
Sebastes g.,0,0,0,2126,0,0,0,0,26605,0,35437,24573,607965,6300,25737,0,0,4578,0,0,0,0,0,0,0,43277,0,9518,0,0,0,0,0,0,2851,0,0,0,0,0,6616,0,10864,0,0,0,0,0,0,0,0,0,0,0
Sebastes mentella,0,0,0,0,0,0,0,0,0,0,0,0,0,0,112,0,0,0,0,0,0,0,0,0,0,0,0,0,0,0,0,0,0,0,0,0,0,0,0,0,0,0,0,0,0,0,0,0,0,0,0,0,0,0
Sigmops elongatus,0,1314,0,0,0,0,0,0,0,0,0,0,0,0,0,0,0,0,0,0,0,0,0,0,0,0,0,0,0,0,0,0,0,0,0,0,0,0,0,0,0,0,0,0,0,0,0,0,0,0,0,0,0,0
Smittia g.,0,0,0,0,0,0,0,0,0,0,0,0,0,0,0,0,0,25,0,0,0,0,0,0,0,0,0,0,0,0,0,0,0,0,0,0,0,0,0,0,0,0,0,0,0,0,0,0,0,0,0,0,0,0
Solaster dawsoni,0,0,0,0,0,0,0,0,180,0,0,0,0,0,0,0,0,0,0,0,0,0,0,0,0,0,0,0,0,0,0,0,0,0,0,0,0,0,0,0,0,0,0,0,0,0,0,0,0,0,0,0,0,0
Solaster endeca,0,0,0,60,0,0,0,23,0,46,0,0,0,0,0,0,0,0,0,0,0,0,0,0,0,0,0,0,0,0,0,0,0,0,0,0,0,0,0,0,0,0,0,0,0,0,0,0,0,0,0,0,0,0
Spionidae g.,0,0,0,0,0,0,27,16,0,0,0,0,0,0,0,12,0,0,0,0,0,0,0,0,0,0,0,0,10,33,0,0,0,0,0,0,0,0,0,0,0,0,0,0,0,0,0,0,0,0,0,0,0,0
Spiophanes cf. kroyeri,0,61,0,0,0,67,10,0,0,0,0,296,0,169,8773,77,0,0,0,10,0,0,0,0,0,0,31,0,0,0,0,0,0,0,0,4187,1277,0,0,857,8007,4627,0,0,11,129,13832,0,0,0,0,0,0,0
Squalus acanthias,0,0,0,0,0,0,0,0,0,0,0,0,0,0,0,0,0,0,0,0,0,0,0,0,0,735,0,0,0,0,0,0,0,7121,1475,41327,125,0,0,43813,4546,1796,5890,1923,4631,730,694,0,0,14968,0,2878,0,0
Stenella coeruleoalba,0,0,0,0,0,0,0,0,0,0,0,0,0,0,0,0,0,0,0,0,0,0,0,0,0,0,0,0,0,16,0,0,0,0,0,0,0,0,0,0,0,0,0,0,0,0,0,0,0,0,0,0,0,0
Stephanasterias albula,0,0,0,0,0,0,0,0,0,0,0,0,0,0,14,0,0,0,0,0,0,0,0,0,0,0,0,0,0,0,0,0,0,0,0,0,0,0,0,0,0,0,0,0,0,0,0,0,0,0,0,0,0,0
Stereobalanus canadensis,0,0,0,0,0,0,0,0,0,0,0,0,0,0,0,0,0,0,0,0,0,0,0,0,0,0,0,0,0,0,0,0,0,0,0,0,0,0,0,0,0,45,0,0,0,0,0,0,0,0,0,0,0,0
Sternaspis scutata,0,0,0,0,0,0,0,0,0,0,0,0,0,0,0,0,0,0,0,0,0,0,0,0,0,0,0,0,0,0,0,0,0,0,0,19,0,0,0,0,0,0,0,0,0,0,0,0,0,0,0,0,0,0
Strongylocentrotus droebachiensis,0,0,0,29,0,0,0,0,0,0,0,0,0,0,0,0,0,0,0,0,0,0,0,0,0,0,0,0,0,0,0,0,0,0,0,0,0,0,0,0,0,0,0,0,0,0,0,0,20,0,0,0,0,0
Strongylocentrotus g.,0,0,0,0,20,0,0,59,0,59,0,0,0,0,0,0,0,10,0,0,0,0,0,0,0,0,0,0,0,0,0,0,0,0,0,0,0,0,0,0,0,0,0,0,0,0,0,0,0,0,0,0,0,0
Suberites ficus,0,0,0,0,0,0,0,0,0,0,0,0,0,0,0,0,0,0,0,0,0,0,0,0,0,0,203,0,0,0,13,0,0,0,0,0,0,0,0,0,0,0,0,0,0,0,0,498,0,94,0,0,0,0
Suberites g.,0,0,0,49,0,0,0,0,0,0,0,740,0,39,188,19,0,0,0,0,0,0,0,0,0,0,0,0,0,0,0,0,0,0,0,0,0,0,0,0,0,0,0,0,0,0,0,0,0,0,0,0,0,0
Tautogolabrus adspersus,0,0,0,0,0,0,0,0,0,0,0,0,0,0,0,0,0,0,0,0,0,11213,0,0,0,0,0,0,0,0,0,0,0,0,0,0,0,0,0,0,0,0,0,0,0,0,0,48239,0,0,0,0,0,0
Tedania g.,0,0,0,0,0,0,14,0,0,0,0,0,0,0,0,0,0,0,0,0,0,0,0,0,0,0,0,0,0,0,0,0,0,0,0,0,0,0,0,0,0,0,0,0,0,0,0,0,0,0,0,0,0,0
Temora longicornis,0,0,0,11,0,0,0,0,0,0,0,0,0,0,0,0,0,0,0,0,57,0,0,0,0,0,0,0,0,0,0,0,0,0,0,0,0,0,63,0,0,0,0,0,0,0,0,0,0,0,0,0,0,0
Terebellidae f.,0,0,0,0,0,0,11,0,282,0,0,0,0,154,0,0,0,0,0,0,0,0,0,0,0,0,0,0,0,0,0,0,0,0,0,0,0,0,0,0,0,0,0,0,0,0,0,0,0,0,0,0,0,0
Terebellides g.,0,0,0,0,0,16,0,0,0,19,0,0,0,13433,0,0,0,0,0,0,0,0,0,0,0,0,0,0,0,0,0,0,0,0,0,0,0,0,0,0,0,0,0,0,0,0,0,0,0,0,0,0,0,0
Terebellides gracilis,0,0,0,0,0,0,0,0,0,0,0,0,0,0,0,0,0,0,0,0,0,0,0,33,0,0,0,0,0,0,0,0,0,0,0,0,0,0,0,0,0,106,0,0,0,0,0,0,0,0,0,0,0,0
Terebellides stroemii,0,0,0,0,0,0,0,0,0,0,509,0,20,83,0,0,0,0,0,34,0,0,0,0,0,30,24,0,0,0,0,184,148,0,0,0,0,0,0,0,0,0,0,0,0,0,60,0,0,0,0,0,0,0
Terebellides williamsae,0,0,0,0,0,0,0,0,0,0,39,0,0,0,0,0,0,0,0,0,0,0,0,0,0,0,0,0,0,0,0,0,0,0,0,0,0,0,0,0,0,0,0,0,0,0,0,0,0,0,0,0,0,0
Thelepus cincinnatus,0,0,0,0,0,0,0,0,0,0,0,0,0,0,0,85,0,0,0,0,0,0,0,0,0,0,0,0,0,0,0,0,0,0,0,0,0,0,0,0,0,0,0,0,0,0,0,0,0,0,0,0,0,0
Thunnus g.,0,0,0,0,0,0,0,0,0,0,0,0,0,0,0,0,0,0,0,0,0,0,0,0,0,0,0,20009,0,0,0,0,0,0,0,0,0,0,0,0,0,0,0,0,0,0,0,0,0,0,0,0,0,0
Thunnus thynnus,24,0,0,0,0,0,0,0,0,0,0,0,0,0,0,2457,733,0,0,0,0,0,0,0,0,0,0,1873,0,0,0,0,0,0,0,0,0,0,0,0,0,0,0,0,0,0,0,0,0,531,0,0,0,0
Thysanoessa g.,0,0,0,0,0,0,0,0,0,0,0,0,0,0,0,0,0,0,0,0,0,0,0,0,0,0,0,0,0,13,0,0,0,0,0,0,0,0,0,0,0,0,0,0,0,0,0,0,0,0,0,0,0,0
Thysanoessa longicaudata,34,0,0,0,0,0,0,0,0,0,0,0,0,0,0,0,0,24,0,0,0,0,0,0,0,0,0,0,0,0,0,0,0,0,0,0,0,0,0,0,0,0,0,0,0,0,0,0,0,0,0,0,0,0
Thysanoessa raschii,0,0,0,0,0,0,0,0,0,0,0,0,0,12,0,0,0,0,0,0,0,0,0,0,0,0,0,0,0,0,0,0,0,0,0,0,0,0,0,0,0,0,0,0,0,0,0,0,0,0,0,0,0,0
Tiaropsis multicirrata,0,0,0,0,0,0,0,0,0,0,0,28,0,0,0,0,0,0,0,0,0,0,0,0,0,0,0,0,0,0,0,0,0,0,0,0,0,0,0,0,0,0,0,0,0,0,0,0,0,0,0,0,0,0
Triglops murrayi,0,0,0,0,0,0,0,0,0,0,0,0,0,0,0,0,0,0,0,0,0,0,0,0,0,0,0,0,0,0,0,0,0,0,0,0,0,0,0,0,0,0,0,0,0,0,0,0,0,0,0,0,0,2321
Triticella pedicellata,0,0,0,0,0,0,0,0,0,0,0,0,0,0,0,0,0,0,0,0,0,0,0,0,0,0,0,0,13,0,0,0,0,0,0,0,0,0,0,0,0,0,0,0,0,0,0,0,0,0,0,0,0,0
Tubularia indivisa,0,0,0,0,0,0,0,0,0,0,0,0,0,0,0,0,0,0,0,0,0,0,0,0,0,0,0,0,0,0,0,0,0,0,0,0,0,0,31,0,0,0,0,0,0,0,0,0,0,0,0,0,0,0
Tursiops truncatus,0,0,0,0,0,0,0,0,0,0,0,0,0,0,0,0,0,0,67,0,0,0,0,0,0,0,0,0,0,0,0,0,0,0,0,0,0,0,0,0,0,0,0,0,0,0,0,0,0,0,0,0,0,0
Urophycis chuss,0,0,11173,1085,0,90,0,0,0,0,0,0,0,0,0,0,0,0,750,408,18242,5389,15826,3151,795,993,0,0,0,519,0,0,0,508,617,20,5,0,0,0,0,0,593,0,1151,0,1040,0,3775,0,11705,73612,0,0
Urophycis tenuis,0,0,0,0,0,0,0,0,0,0,0,2547,2914,0,4467,0,0,0,0,0,0,0,0,1525,0,59120,0,0,0,0,0,0,0,0,14,0,0,0,87,0,0,0,0,0,0,0,0,0,0,2278,2837,0,0,0
Yoldiella frigida,0,0,0,0,0,0,0,0,0,0,0,0,0,22,0,0,0,0,0,0,0,0,0,0,0,0,0,0,0,0,0,0,0,0,0,0,0,0,0,0,0,0,0,0,0,0,0,0,0,0,0,0,0,0
Ziminella salmonacea,0,0,0,0,0,0,0,0,0,0,0,0,0,23,0,0,0,0,0,0,0,0,0,0,0,0,0,0,0,0,0,0,0,0,0,0,0,0,0,0,0,0,0,0,0,0,0,0,0,0,0,0,0,0
Zoarces americanus,0,0,0,0,0,0,0,0,0,0,0,0,0,0,0,0,0,0,0,0,0,0,0,0,0,564,0,0,0,0,0,0,0,0,0,0,0,0,0,0,0,0,0,0,0,0,0,44888,5504,0,0,1117,0,0
